{
    "name": "John Doe",
    
    "profilePic": "https://ankerdata.netlify.app/profile-img-logo-only.png",

    "links": [
        {
            "title": "Link One",
            "link": "https://link.com/"
        },
        {
            "title": "Link Two",
            "link": "https://link.com/"
        },
        {
            "title": "Link Three",
            "link": "https://link.com/"
        },
        {
            "title": "Link Four",
            "link": "https://link.com/"
        },
        {
            "title": "Link Five",
            "link": "https://link.com/"
        },
        {
            "title": "Link Six",
            "link": "https://link.com/"
        },
        {
            "title": "Link Seven",
            "link": "https://link.com/"
        }
    ],

    "socials": [
        {
            "title": "github",
            "link": "https://github.com/0xkhan"
        },
        {
            "title": "dribbble",
            "link": "https://dribbble.com/0xkhani"
        },
        {
            "title": "twitter",
            "link": "https://twitter.com/0xkhani"
        },
        {
            "title": "instagram",
            "link": "https://instagram.com/0xkhani"
        }
    ]
}
